{
  "x_max": [
    -8.779479165764062,
    -8.843617342222553,
    -8.90785674151331,
    -8.972202838771357,
    -9.036659516231854,
    -9.10122891971894,
    -9.16591133910265,
    -9.230705103965773,
    -9.29560648838817,
    -9.360609623430584,
    -9.42570641864585,
    -9.490886491659294,
    -9.556137097869593,
    -9.621443043732645,
    -9.686786561646384,
    -9.752147125226667,
    -9.817501190417756,
    -9.882821856816136,
    -9.948078449764129,
    -10.013236024723671,
    -10.07825479218786,
    -10.143089458774327,
    -10.20768848368145,
    -10.271993262474616,
    -10.335937270440672,
    -10.399445220356787,
    -10.46243230867917,
    -10.524803636832441,
    -10.586453901513941,
    -10.646335845007432,
    -10.702199920815513,
    -10.75696880796931,
    -10.810530994396967,
    -10.862778269605396,
    -10.91360861875027,
    -10.96292919585632,
    -11.010659204293084,
    -11.056732495096991,
    -11.101099693692927,
    -11.14372968689966,
    -11.184610345183977,
    -11.223748416287895,
    -11.261168597673025,
    -11.296911865889925,
    -11.331033200298464,
    -11.363598878748075
  ],
  "x_min": [
    -9.002845480877134,
    -9.066404230762231,
    -9.129908552149212,
    -9.193358456550776,
    -9.256753469400117,
    -9.320092323424552,
    -9.38337266868431,
    -9.446590797544753,
    -9.509741374022951,
    -9.572817153529336,
    -9.635808681519128,
    -9.698703965004249,
    -9.761488115253664,
    -9.824142960374989,
    -9.886646623292188,
    -9.948973057174996,
    -10.011091531135717,
    -10.072966066691654,
    -10.134554839174502,
    -10.19580957439508,
    -10.25667498416606,
    -10.31708829219487,
    -10.376978904419728,
    -10.436268278402432,
    -10.494870048346488,
    -10.55269046642251,
    -10.609629224209186,
    -10.665580713962699,
    -10.720435771998831,
    -10.77408391283099,
    -10.826416015575127,
    -10.877327370231844,
    -10.926720940007144,
    -10.974510654015743,
    -11.02062451819173,
    -11.0650073233486,
    -11.107622740790232,
    -11.148454629246165,
    -11.187507433057457,
    -11.224805627207157,
    -11.260806905971487,
    -11.295185199281521,
    -11.327937212585603,
    -11.359143445260484,
    -11.388892867198543,
    -11.417328945384762
  ],
  "y_max": [
    1.762550316802212,
    1.9930988627176358,
    1.7703865490712436,
    1.926948999732512,
    1.7582228227537575,
    1.8757384859632076,
    1.7687619170587336,
    1.9908724780022045,
    1.7764754807873047
  ],
  "y_min": [
    1.6105743943018136,
    1.0121409009220437,
    1.6121384862788546,
    1.0701144320441838,
    1.6208928677246441,
    1.1679379805988637,
    1.6286056832923739,
    1.0321493951005611,
    1.608557831631085
  ],
  "space": "log10",
  "layer_num": 5,
  "time_channels": 46,
  "time_min": 0.00011711777912694498,
  "time_max": 0.0016592854987554206,
  "target_times": [
    0.00011711777912694498,
    0.00012422449353944646,
    0.00013176244384215466,
    0.00013975779745677952,
    0.00014823830964587253,
    0.00015723341986311184,
    0.0001667743539501295,
    0.0001768942325346469,
    0.00018762818600621777,
    0.00019901347646870675,
    0.00021108962709285046,
    0.00022389855931794237,
    0.00023748473837892348,
    0.0002518953276640677,
    0.0002671803524390991,
    0.0002833928735061016,
    0.00030058917140006214,
    0.0003188289417624702,
    0.0003381755025702016,
    0.0003586960139390657,
    0.00038046171126504167,
    0.00040354815251254425,
    0.00042803548050815714,
    0.00045400870115036335,
    0.00048155797850106454,
    0.0005107789477832695,
    0.0005417730473715067,
    0.0005746478709274296,
    0.0006095175409030423,
    0.0006465031047081156,
    0.0006857329549170756,
    0.000727343274974068,
    0.0007714785119434396,
    0.0008182918779467423,
    0.0008679458820269733,
    0.0009206128942863724,
    0.0009764757442561294,
    0.0010357283555752128,
    0.0010985764191815458,
    0.0011652381073524716,
    0.0012359448310732292,
    0.0013109420433626146,
    0.0013904900913444757,
    0.0014748651200229763,
    0.001564360030898992,
    0.0016592854987554206
  ]
}