{"x_max": [0.00301561537141395, 0.0013960084473973286, 0.0006461503405696893, 0.00029904170794686373, 0.00013838631834876063, 6.40365551074564e-05, 2.9630091001793743e-05, 1.3705538005366848e-05, 6.331103018343512e-06, 2.916144368285044e-06, 1.3394290010848048e-06, 6.159092926218626e-07, 2.855649200322799e-07, 1.3462641725683601e-07, 6.504982910914637e-08, 3.224007535638915e-08, 1.617033557555238e-08, 8.055762161836939e-09, 3.9673570587766805e-09, 1.9693334855958963e-09, 1.0235497093391892e-09, 5.765212019990731e-10, 3.5321074295966397e-10, 2.2880554802788247e-10, 1.511610971608701e-10, 9.927541298670847e-11, 6.399296305582813e-11, 4.03165174371576e-11, 2.483023224818861e-11, 1.4980735549536943e-11], "x_min": [5.473750476618271e-05, 2.5375752471091943e-05, 1.1809572585106285e-05, 5.314675750865675e-06, 2.2868830561988376e-06, 1.0168618895796184e-06, 4.962313569892989e-07, 2.476526663879435e-07, 1.1746359599548463e-07, 5.886591485489349e-08, 3.180167818711418e-08, 1.858620599742161e-08, 1.056529454452883e-08, 6.108012135390167e-09, 3.1854627749160196e-09, 1.959187508411409e-09, 1.4088863343186422e-09, 1.0986611353292435e-09, 7.515738104734436e-10, 4.6433504966717023e-10, 2.776909858265592e-10, 1.636047210435466e-10, 9.51198437865489e-11, 5.4670929344485586e-11, 3.111557411452695e-11, 1.7562491045498868e-11, 9.843453339163288e-12, 5.48460697656801e-12, 3.040804299265259e-12, 1.6788757344204265e-12], "y_max": [151141.56105505984, 151033.29058219102, 150323.612299099, 151522.22244246007, 145542.69015025807, 96.54127819151854, 99.70514877036494, 99.85715090302293, 99.97769715868229], "y_min": [10603.139749159789, 6489.594422295084, 8880.322463940578, 7951.903978487493, 4742.316999034443, 12.766893170586536, 11.282958237107808, 11.231948376559636, 10.770061221665486]}