{
    "r_min": 4731.598589693222,
    "r_max": 151641.10034939286,
    "time_channels": 545,
    "t_min": 1.3e-08,
    "t_max": 9.9288e-05
}